"Why CSMA/CD MAC protocol is not used in Satellite Systems?,Remembering,WT,Not in list"
"Why CSMA/CD MAC protocol is not used in Satellite Systems?,Remembering,WT,Not in list"
"Explain the IMEI & IMSI structures of GSM network.,Understanding,WT,Not in list"
"Explain why only seven slaves are supported inside a Piconet.,Understanding,WT,Not in list"
"Explain why only seven slaves are supported inside a Piconet.,Understanding,WT,Not in list"
"Explain why only seven slaves are supported inside a Piconet.,Understanding,WT,Not in list"
" Explain the terms DIFS,PIFS and SIFS with respect to DCF operation. ,Understanding,WT,Not in list"
" With neat diagram, explain cdmaOne protocol architecture. ,Understanding,WT,Not in list"
"Explain the protocol architecture and security mechanism of DECT.,Understanding,WT,Not in list"
"List and explain the Downlink (Forward Link) Physical Channels and Uplink (Reverse) Physical Channels of cdma2000.,Understanding,WT,Not in list"
" Determine the number of mobile users that can be supported by a sector of three - sector cell (10) of CDMA system. The RF bandwidth is 1.25 MHz to transmit data at 9.6 kbps. Eb/No — 6 dB, the interference from neighbouring cells p= 50% , the power control accuracy factor cL-0.85, the voice- activity factor v--0.6, and the improvement from sectorisation Y= 2.55 the voice- activity factor v--0.6, and the improvement from sectorisation Y= 2.55. ,Applying,WT,Not in list"
" Determine the number of mobile users that can be supported by a sector of three - sector cell (10) of CDMA system. The RF bandwidth is 1.25 MHz to transmit data at 9.6 kbps. Eb/No — 6 dB, the interference from neighbouring cells p= 50% , the power control accuracy factor cL-0.85, the voice- activity factor v--0.6, and the improvement from sectorisation Y= 2.55 the voice- activity factor v--0.6, and the improvement from sectorisation Y= 2.55. ,Applying,WT,Not in list"
" Determine the number of mobile users that can be supported by a sector of three - sector cell (10) of CDMA system. The RF bandwidth is 1.25 MHz to transmit data at 9.6 kbps. Eb/No — 6 dB, the interference from neighbouring cells p= 50% , the power control accuracy factor cL-0.85, the voice- activity factor v--0.6, and the improvement from sectorisation Y= 2.55 the voice- activity factor v--0.6, and the improvement from sectorisation Y= 2.55. ,Applying,WT,Not in list"
" Determine the number of mobile users that can be supported by a sector of three - sector cell (10) of CDMA system. The RF bandwidth is 1.25 MHz to transmit data at 9.6 kbps. Eb/No — 6 dB, the interference from neighbouring cells p= 50% , the power control accuracy factor cL-0.85, the voice- activity factor v--0.6, and the improvement from sectorisation Y= 2.55 the voice- activity factor v--0.6, and the improvement from sectorisation Y= 2.55. ,Applying,WT,Not in list"
" Determine the number of mobile users that can be supported by a sector of three - sector cell (10) of CDMA system. The RF bandwidth is 1.25 MHz to transmit data at 9.6 kbps. Eb/No — 6 dB, the interference from neighbouring cells p= 50% , the power control accuracy factor cL-0.85, the voice- activity factor v--0.6, and the improvement from sectorisation Y= 2.55 the voice- activity factor v--0.6, and the improvement from sectorisation Y= 2.55. ,Applying,WT,Not in list"
" Determine the number of mobile users that can be supported by a sector of three - sector cell (10) of CDMA system. The RF bandwidth is 1.25 MHz to transmit data at 9.6 kbps. Eb/No — 6 dB, the interference from neighbouring cells p= 50% , the power control accuracy factor cL-0.85, the voice- activity factor v--0.6, and the improvement from sectorisation Y= 2.55 the voice- activity factor v--0.6, and the improvement from sectorisation Y= 2.55. ,Applying,WT,Not in list"
" Determine the number of mobile users that can be supported by a sector of three - sector cell (10) of CDMA system. The RF bandwidth is 1.25 MHz to transmit data at 9.6 kbps. Eb/No — 6 dB, the interference from neighbouring cells p= 50% , the power control accuracy factor cL-0.85, the voice- activity factor v--0.6, and the improvement from sectorisation Y= 2.55 the voice- activity factor v--0.6, and the improvement from sectorisation Y= 2.55. ,Applying,WT,Not in list"
"What is WLL? Explain the MMDS & LMDS with the help of diagram. State its advantages & disadvantages.,Understanding,WT,Not in list"
"What is WLL? Explain the MMDS & LMDS with the help of diagram. State its advantages & disadvantages.,Understanding,WT,Not in list"
"What is WLL? Explain the MMDS & LMDS with the help of diagram. State its advantages & disadvantages.,Understanding,WT,Not in list"
" With neat diagram, explain the IEEE 802.11 system architecture. ,Remembering,WT,Not in list"
" With neat diagram, explain the IEEE 802.11 system architecture. ,Remembering,WT,Not in list"
"How is packet routing performed in Wireless Ad Hoc networks? Explain CGSR protocol.,Understanding,WT,Not in list"
"How is packet routing performed in Wireless Ad Hoc networks? Explain CGSR protocol.,Understanding,WT,Not in list"
"How is packet routing performed in Wireless Ad Hoc networks? Explain CGSR protocol.,Understanding,WT,Not in list"
"Explain the Wired Equivalent Privacy Protocol (WEP). State the different fields present in the WEP frame.,Understanding,WT,Not in list"
"Explain the Wired Equivalent Privacy Protocol (WEP). State the different fields present in the WEP frame.,Understanding,WT,Not in list"
"Write a short note on spread spectrum.,Remembering,WT,Not in list"
"Write a short note on Wireless Lan Topologies. ,Remembering,WT,Not in list"
"Write a short note on Wireless Lan Topologies. ,Remembering,WT,Not in list"
"What are the characteristics of the major 3G standards?,Remembering,WT,Not in list"
"What are the characteristics of the major 3G standards?,Remembering,WT,Not in list"
"State the relationship between HYPERLAN-2 and WATM.,Analysing,WT,Not in list"
"What is meant by overlaid cell concept in cell splitting?,Understanding,WT,Not in list"
"What is meant by overlaid cell concept in cell splitting?,Understanding,WT,Not in list"
"What is meant by overlaid cell concept in cell splitting?,Understanding,WT,Not in list"
" In GSM network, there are some databases used for various purposes. What are these databases? What are their functions? ,Remembering,WT,Not in list"
" In GSM network, there are some databases used for various purposes. What are these databases? What are their functions? ,Remembering,WT,Not in list"
" In GSM network, there are some databases used for various purposes. What are these databases? What are their functions? ,Remembering,WT,Not in list"
" In GSM network, there are some databases used for various purposes. What are these databases? What are their functions? ,Remembering,WT,Not in list"
" In GSM network, there are some databases used for various purposes. What are these databases? What are their functions? ,Remembering,WT,Not in list"
" In GSM network, there are some databases used for various purposes. What are these databases? What are their functions? ,Remembering,WT,Not in list"
"Describe the four major technologies for WLL systems. What are the advantages and disadvantages of these approaches?,Understanding,WT,Not in list"
"Describe the four major technologies for WLL systems. What are the advantages and disadvantages of these approaches?,Understanding,WT,Not in list"
"Explain the possible attacks on Wireless LAN. Explain WEP in detail.,Understanding,WT,Not in list"
"Discuss the HIPERLAN-1 PHY and MAC layers in detail.,Applying,WT,Understanding"
"Explain the reference model and protocol entities of WATM.,Understanding,WT,Not in list"
"Discuss the connection management followed in Bluetooth technology. Explain the frame format in Bluetooth technology.,Evaluating,WT,Not in list"
"Discuss the connection management followed in Bluetooth technology. Explain the frame format in Bluetooth technology.,Evaluating,WT,Not in list"
"Draw the network topology of IS-41 protocol? Explain the concepts of inter system handoff and automatic roaming?,Understanding,WT,Not in list"
"Suppose that an AMPS operator would like to migrate its network to 3G directly. Which technology should be chosen?,Analysing,WT,Not in list"
"Suppose that an AMPS operator would like to migrate its network to 3G directly. Which technology should be chosen?,Analysing,WT,Not in list"
"Suppose that an AMPS operator would like to migrate its network to 3G directly. Which technology should be chosen?,Analysing,WT,Not in list"
"Suppose that an AMPS operator would like to migrate its network to 3G directly. Which technology should be chosen?,Analysing,WT,Not in list"
"Explain the VSAT system.,Understanding,WT,Not in list"
"Write a short note note on cdma2000., Understanding,Not in list"
"Write a short note note on cdma2000., Understanding,Not in list"
"Write a short note on economics of wireless network.,Understanding,WT,Not in list"
"Write a short note on OFDM.,Understanding,WT,Not in list"
"Write a short note on Mobile IP.,Understanding,WT,Not in list"
"Explain the IEFE 802.11 in detail.,Understanding,WT,Not in list"
"Explain the main factors of change in economics of Wireless Technology.,Understanding,WT,Not in list"
"Define piconet and scatternet. Explain Bluetooth Protocol Stack.,Understanding,WT,Not in list"
"Explain the WIMAX system and compare the different 802.1A standards.,Understanding,WT,Not in list"
"Explain the WIMAX system and compare the different 802.1A standards.,Understanding,WT,Not in list"
"Explain the GPRS architecture and explain how authentication and encryption is provided in GSM.,Understanding,WT,Not in list"
"Explain the GPRS architecture and explain how authentication and encryption is provided in GSM.,Understanding,WT,Not in list"
"Explain the GPRS architecture and explain how authentication and encryption is provided in GSM.,Understanding,WT,Not in list"
"Explain the GPRS architecture and explain how authentication and encryption is provided in GSM.,Understanding,WT,Not in list"
" Explain the 802.11 MAC management functions. Explain the Power Management,Not in list"
" Explain the 802.11 MAC management functions. Explain the Power Management,Not in list"
"Explain the hidden and exposed terminal problem with solution.,Understanding,WT,Not in list"
"Explain the hidden and exposed terminal problem with solution.,Understanding,WT,Not in list"
"Why is the concept of spread spectrum important? Briefly explain FHSS and DSSS concept.,Understanding,WT,Not in list"
"Why is the concept of spread spectrum important? Briefly explain FHSS and DSSS concept.,Understanding,WT,Not in list"
" With a neat diagram, explain Electromagnetic Spectrum. List the advantages and disadvantages of wireless technology. ,Understanding,WT,Not in list"
" With a neat diagram, explain Electromagnetic Spectrum. List the advantages and disadvantages of wireless technology. ,Understanding,WT,Not in list"
"Neatly explain the WLL Architecture. Explain the two local loop techniques.,Understanding,WT,Not in list"
"Neatly explain the WLL Architecture. Explain the two local loop techniques.,Understanding,WT,Not in list"
"Write a short note on Virtual Private Network (VPN).,Remembering,WT,Not in list"
"Write a short note on Virtual Private Network (VPN).,Remembering,WT,Not in list"
"Write a short note on handoff strategies.,Remembering,WT,Not in list"
"What are challenges of wireless network? Explain how wireless networks have evolved?,Understanding,WT,Not in list"
"What are challenges of wireless network? Explain how wireless networks have evolved?,Understanding,WT,Not in list"
"What are challenges of wireless network? Explain how wireless networks have evolved?,Understanding,WT,Not in list"
"What are challenges of wireless network? Explain how wireless networks have evolved?,Understanding,WT,Not in list"
"What are challenges of wireless network? Explain how wireless networks have evolved?,Understanding,WT,Not in list"
" Compare the Frequency Hopping Spread Spectrum (FHSS) and Direct Sequence,Not in list"
"Elaborate the concept of spectrum allocation .,Creating,WT,Not in list"
"Elaborate the concepts of service classes and applications.,Creating,WT,Not in list"
"Draw the cdma2000 protocol stack. Explain the cdma2000 MAC Sub layer enhancement and logical channels.,Understanding,WT,Not in list"
"Draw the cdma2000 protocol stack. Explain the cdma2000 MAC Sub layer enhancement and logical channels.,Understanding,WT,Not in list"
"Draw the wireless ATM architecture and specify physical layer requirement for Wireless ATM for low and high speed.,Remembering,WT,Not in list"
"Explain the Virtual Private Network (VPN) along with tunneling protocol .,Understanding,WT,Not in list"
"Explain the Virtual Private Network (VPN) along with tunneling protocol .,Understanding,WT,Not in list"
"Compare the Wireless Local Loop and Wired Access.,Understanding,WT,Not in list"
"Explain the Bluetooth protocol stack.,Understanding,WT,Not in list"
"Write a short note on VSAT system.,Understanding,WT,Not in list"
"Explain the concept of Orthogonal Frequency Multiplexing (OFDM).,Remembering,WT,Not in list"
"Explain the concept of Orthogonal Frequency Multiplexing (OFDM).,Remembering,WT,Not in list"
"Explain the functional architecture of a GSM system in detail.,Understanding,WT,Not in list"
"Explain the MMDS and LMDS working in WLL based technology in detail.,Understanding,WT,Not in list"
"Explain the MMDS and LMDS working in WLL based technology in detail.,Understanding,WT,Not in list"
"Explain the MMDS and LMDS working in WLL based technology in detail.,Understanding,WT,Not in list"
"Explain the IEEE 802.11 WLAN Architecture in detail.,Understanding,WT,Not in list"
"Explain the hidden terminal and exposed terminal problem with respect to WLAN in detail.,Understanding,WT,Not in list"
"Explain the hidden terminal and exposed terminal problem with respect to WLAN in detail.,Understanding,WT,Not in list"
"Explain the wireless technology offered by IEEE 802a. ,Understanding,WT,Not in list"
"Explain the wireless technology offered by IEEE 802a. ,Understanding,WT,Not in list"
"Explain the bluetooth protocol architechture with neat diagram.,Understanding,WT,Not in list"
"Explain the Bluetooth security aspect.  ,Understanding,WT,Not in list"
"Explain the WEP protocol in detail,Understanding,WT,Not in list"
"Write a short note on satellite systems.,Remembering,WT,Not in list"
"Write a short note on MACA.,Remembering,WT,Not in list"
"A mobile communication system is allocated RF spectnim of 25 MHz and uses RF channel bandwidth of 25 KI-Iz so that total number of 1000 voice channels can be supported in the system.a) channel bandwidth of 25 KI-Iz so that total number of 1000 voice channels can be supported in the system.b)        The cell size is reduced to the extent that the service area is now cow* with 100 cells. Compute the system while keeping the frequency reuse factor as 4.c) Consider the cell size is further reduced to that the service area is now co? red with 700 cells with the frequency reuse factor of 7.,Applying,WT,Not in list"
"A mobile communication system is allocated RF spectnim of 25 MHz and uses RF channel bandwidth of 25 KI-Iz so that total number of 1000 voice channels can be supported in the system.a) channel bandwidth of 25 KI-Iz so that total number of 1000 voice channels can be supported in the system.b)        The cell size is reduced to the extent that the service area is now cow* with 100 cells. Compute the system while keeping the frequency reuse factor as 4.c) Consider the cell size is further reduced to that the service area is now co? red with 700 cells with the frequency reuse factor of 7.,Applying,WT,Not in list"
"A mobile communication system is allocated RF spectnim of 25 MHz and uses RF channel bandwidth of 25 KI-Iz so that total number of 1000 voice channels can be supported in the system.a) channel bandwidth of 25 KI-Iz so that total number of 1000 voice channels can be supported in the system.b)        The cell size is reduced to the extent that the service area is now cow* with 100 cells. Compute the system while keeping the frequency reuse factor as 4.c) Consider the cell size is further reduced to that the service area is now co? red with 700 cells with the frequency reuse factor of 7.,Applying,WT,Not in list"
"A mobile communication system is allocated RF spectnim of 25 MHz and uses RF channel bandwidth of 25 KI-Iz so that total number of 1000 voice channels can be supported in the system.a) channel bandwidth of 25 KI-Iz so that total number of 1000 voice channels can be supported in the system.b)        The cell size is reduced to the extent that the service area is now cow* with 100 cells. Compute the system while keeping the frequency reuse factor as 4.c) Consider the cell size is further reduced to that the service area is now co? red with 700 cells with the frequency reuse factor of 7.,Applying,WT,Not in list"
"A mobile communication system is allocated RF spectnim of 25 MHz and uses RF channel bandwidth of 25 KI-Iz so that total number of 1000 voice channels can be supported in the system.a) channel bandwidth of 25 KI-Iz so that total number of 1000 voice channels can be supported in the system.b)        The cell size is reduced to the extent that the service area is now cow* with 100 cells. Compute the system while keeping the frequency reuse factor as 4.c) Consider the cell size is further reduced to that the service area is now co? red with 700 cells with the frequency reuse factor of 7.,Applying,WT,Not in list"
"A mobile communication system is allocated RF spectnim of 25 MHz and uses RF channel bandwidth of 25 KI-Iz so that total number of 1000 voice channels can be supported in the system.a) channel bandwidth of 25 KI-Iz so that total number of 1000 voice channels can be supported in the system.b)        The cell size is reduced to the extent that the service area is now cow* with 100 cells. Compute the system while keeping the frequency reuse factor as 4.c) Consider the cell size is further reduced to that the service area is now co? red with 700 cells with the frequency reuse factor of 7.,Applying,WT,Not in list"
"A mobile communication system is allocated RF spectnim of 25 MHz and uses RF channel bandwidth of 25 KI-Iz so that total number of 1000 voice channels can be supported in the system.a) channel bandwidth of 25 KI-Iz so that total number of 1000 voice channels can be supported in the system.b)        The cell size is reduced to the extent that the service area is now cow* with 100 cells. Compute the system while keeping the frequency reuse factor as 4.c) Consider the cell size is further reduced to that the service area is now co? red with 700 cells with the frequency reuse factor of 7.,Applying,WT,Not in list"
"A mobile communication system is allocated RF spectnim of 25 MHz and uses RF channel bandwidth of 25 KI-Iz so that total number of 1000 voice channels can be supported in the system.a) channel bandwidth of 25 KI-Iz so that total number of 1000 voice channels can be supported in the system.b)        The cell size is reduced to the extent that the service area is now cow* with 100 cells. Compute the system while keeping the frequency reuse factor as 4.c) Consider the cell size is further reduced to that the service area is now co? red with 700 cells with the frequency reuse factor of 7.,Applying,WT,Not in list"
"A mobile communication system is allocated RF spectnim of 25 MHz and uses RF channel bandwidth of 25 KI-Iz so that total number of 1000 voice channels can be supported in the system.a) channel bandwidth of 25 KI-Iz so that total number of 1000 voice channels can be supported in the system.b)        The cell size is reduced to the extent that the service area is now cow* with 100 cells. Compute the system while keeping the frequency reuse factor as 4.c) Consider the cell size is further reduced to that the service area is now co? red with 700 cells with the frequency reuse factor of 7.,Applying,WT,Not in list"
"A mobile communication system is allocated RF spectnim of 25 MHz and uses RF channel bandwidth of 25 KI-Iz so that total number of 1000 voice channels can be supported in the system.a) channel bandwidth of 25 KI-Iz so that total number of 1000 voice channels can be supported in the system.b)        The cell size is reduced to the extent that the service area is now cow* with 100 cells. Compute the system while keeping the frequency reuse factor as 4.c) Consider the cell size is further reduced to that the service area is now co? red with 700 cells with the frequency reuse factor of 7.,Applying,WT,Not in list"
"A mobile communication system is allocated RF spectnim of 25 MHz and uses RF channel bandwidth of 25 KI-Iz so that total number of 1000 voice channels can be supported in the system.a) channel bandwidth of 25 KI-Iz so that total number of 1000 voice channels can be supported in the system.b)        The cell size is reduced to the extent that the service area is now cow* with 100 cells. Compute the system while keeping the frequency reuse factor as 4.c) Consider the cell size is further reduced to that the service area is now co? red with 700 cells with the frequency reuse factor of 7.,Applying,WT,Not in list"
"A mobile communication system is allocated RF spectnim of 25 MHz and uses RF channel bandwidth of 25 KI-Iz so that total number of 1000 voice channels can be supported in the system.a) channel bandwidth of 25 KI-Iz so that total number of 1000 voice channels can be supported in the system.b)        The cell size is reduced to the extent that the service area is now cow* with 100 cells. Compute the system while keeping the frequency reuse factor as 4.c) Consider the cell size is further reduced to that the service area is now co? red with 700 cells with the frequency reuse factor of 7.,Applying,WT,Not in list"
"A mobile communication system is allocated RF spectnim of 25 MHz and uses RF channel bandwidth of 25 KI-Iz so that total number of 1000 voice channels can be supported in the system.a) channel bandwidth of 25 KI-Iz so that total number of 1000 voice channels can be supported in the system.b)        The cell size is reduced to the extent that the service area is now cow* with 100 cells. Compute the system while keeping the frequency reuse factor as 4.c) Consider the cell size is further reduced to that the service area is now co? red with 700 cells with the frequency reuse factor of 7.,Applying,WT,Not in list"
"A mobile communication system is allocated RF spectnim of 25 MHz and uses RF channel bandwidth of 25 KI-Iz so that total number of 1000 voice channels can be supported in the system.a) channel bandwidth of 25 KI-Iz so that total number of 1000 voice channels can be supported in the system.b)        The cell size is reduced to the extent that the service area is now cow* with 100 cells. Compute the system while keeping the frequency reuse factor as 4.c) Consider the cell size is further reduced to that the service area is now co? red with 700 cells with the frequency reuse factor of 7.,Applying,WT,Not in list"
"A mobile communication system is allocated RF spectnim of 25 MHz and uses RF channel bandwidth of 25 KI-Iz so that total number of 1000 voice channels can be supported in the system.a) channel bandwidth of 25 KI-Iz so that total number of 1000 voice channels can be supported in the system.b)        The cell size is reduced to the extent that the service area is now cow* with 100 cells. Compute the system while keeping the frequency reuse factor as 4.c) Consider the cell size is further reduced to that the service area is now co? red with 700 cells with the frequency reuse factor of 7.,Applying,WT,Not in list"
"A mobile communication system is allocated RF spectnim of 25 MHz and uses RF channel bandwidth of 25 KI-Iz so that total number of 1000 voice channels can be supported in the system.a) channel bandwidth of 25 KI-Iz so that total number of 1000 voice channels can be supported in the system.b)        The cell size is reduced to the extent that the service area is now cow* with 100 cells. Compute the system while keeping the frequency reuse factor as 4.c) Consider the cell size is further reduced to that the service area is now co? red with 700 cells with the frequency reuse factor of 7.,Applying,WT,Not in list"
"Explain the GARS Architecture with neat diagram.,Understanding,WT,Not in list"
"Explain the COMAE Architecture with neat diagram.,Understanding,WT,Not in list"
"Give in detail comparison between WiMax and LTE.f3GPP. B. Explain in detail Bluetooth Protocol Stack with neat diagram,Understanding,WT,Not in list"
"Neatly explain the WLL Architecture. Explain the two local loop techniques with diagram,Understanding,WT,Not in list"
"Neatly explain the WLL Architecture. Explain the two local loop techniques with diagram,Understanding,WT,Not in list"
"Explain the main factors of change in economics of wireless technology. B. Explain the Wired Equivalent Privacy Protocol. Also explain WEP security based on the access control list with nea diagram,Understanding,WT,Not in list"
"Explain the main factors of change in economics of wireless technology. B. Explain the Wired Equivalent Privacy Protocol. Also explain WEP security based on the access control list with nea diagram,Understanding,WT,Not in list"
"Explain the main factors of change in economics of wireless technology. B. Explain the Wired Equivalent Privacy Protocol. Also explain WEP security based on the access control list with nea diagram,Understanding,WT,Not in list"
"Explain the main factors of change in economics of wireless technology. B. Explain the Wired Equivalent Privacy Protocol. Also explain WEP security based on the access control list with nea diagram,Understanding,WT,Not in list"
"Compare the CDMA 2000 & W-CDMA,Understanding,WT,Not in list"
"Explain the IEEE802.11 standards.,Understanding,WT,Not in list"
"Explain the wireless sensor networks,Understanding,WT,Not in list"
"What is the frequency range of the IEEE 802.11a standard?,Remembering,WT,Not in list"
"What is the frequency range of the IEEE 802.11a standard?,Remembering,WT,Not in list"
"What is the maximum distance running the lowest data rate for 802.11b?,Remembering,WT,Not in list"
"What is the maximum distance running the lowest data rate for 802.11b?,Remembering,WT,Not in list"
"What is the maximum distance running the lowest data rate for 802.11b?,Remembering,WT,Not in list"
"Explain Cloud computing Architecture and Cloud components.,Understanding,CC,Not in list"
"Explain how Microsoft Azure is  different from other open source cloud services and  explain Microsoft Azure life cycle,Understanding,CC,Not in list"
"Explain how Microsoft Azure is  different from other open source cloud services and  explain Microsoft Azure life cycle,Understanding,CC,Not in list"
"Explain how Microsoft Azure is  different from other open source cloud services and  explain Microsoft Azure life cycle,Understanding,CC,Not in list"
"What do you understand by Mesh? How will you add a system to a Mesh? How will you access a Mesh- Enabled Web application?,Remembering,CC,Not in list"
"What do you understand by Mesh? How will you add a system to a Mesh? How will you access a Mesh- Enabled Web application?,Remembering,CC,Not in list"
"What do you understand by Mesh? How will you add a system to a Mesh? How will you access a Mesh- Enabled Web application?,Remembering,CC,Not in list"
"What do you understand by Mesh? How will you add a system to a Mesh? How will you access a Mesh- Enabled Web application?,Remembering,CC,Not in list"
"Explain the advantages of REST over SOA web services.,Understanding,CC,Not in list"
"Briefly explain service oriented architecture and internet service bus.,evaluate,CC,Not in list"
"Briefly explain service oriented architecture and internet service bus.,evaluate,CC,Not in list"
"Explain how Azure maximizes data availability and minimizes security risk,Understanding,CC,Not in list"
"Explain how Azure maximizes data availability and minimizes security risk,Understanding,CC,Not in list"
"Explain how Azure maximizes data availability and minimizes security risk,Understanding,CC,Not in list"
"Explain the significance of Partition keys and Rows keys in Azure Tables?,Understanding,CC,Not in list"
" Describe a workflow that will illustrate the steps required to develop, build and deploy a simple web role cloud service to the cloud using windows azure. ,creating,CC,Not in list"
" Describe a workflow that will illustrate the steps required to develop, build and deploy a simple web role cloud service to the cloud using windows azure. ,creating,CC,Not in list"
" Describe a workflow that will illustrate the steps required to develop, build and deploy a simple web role cloud service to the cloud using windows azure. ,creating,CC,Not in list"
" Describe a workflow that will illustrate the steps required to develop, build and deploy a simple web role cloud service to the cloud using windows azure. ,creating,CC,Not in list"
" Describe a workflow that will illustrate the steps required to develop, build and deploy a simple web role cloud service to the cloud using windows azure. ,creating,CC,Not in list"
" Describe a workflow that will illustrate the steps required to develop, build and deploy a simple web role cloud service to the cloud using windows azure. ,creating,CC,Not in list"
" Describe a workflow that will illustrate the steps required to develop, build and deploy a simple web role cloud service to the cloud using windows azure. ,creating,CC,Not in list"
" Describe a workflow that will illustrate the steps required to develop, build and deploy a simple web role cloud service to the cloud using windows azure. ,creating,CC,Not in list"
"What is CSB? Explain its role with example.,Remembering,CC,Not in list"
"What is CSB? Explain its role with example.,Remembering,CC,Not in list"
"What are public cloud adoption phases for SMBs ? What are cloud vendor roles and responsibilities towards SMBs.,Remembering,CC,Not in list"
"What are public cloud adoption phases for SMBs ? What are cloud vendor roles and responsibilities towards SMBs.,Remembering,CC,Not in list"
"What are public cloud adoption phases for SMBs ? What are cloud vendor roles and responsibilities towards SMBs.,Remembering,CC,Not in list"
"What are public cloud adoption phases for SMBs ? What are cloud vendor roles and responsibilities towards SMBs.,Remembering,CC,Not in list"
"What are the risks associated with  cloud computing.,Remembering,CC,Not in list"
"What are the risks associated with  cloud computing.,Remembering,CC,Not in list"
"What are the risks associated with  cloud computing.,Remembering,CC,Not in list"
"What are the fundamental requirements for cloud application architecture.,Remembering,CC,Not in list"
"What are the fundamental requirements for cloud application architecture.,Remembering,CC,Not in list"
" What is the need of virtualization? Define Server virtualization, Application virtualization, Presentation Virtualization. ,Remembering,CC,Not in list"
" What is the need of virtualization? Define Server virtualization, Application virtualization, Presentation Virtualization. ,Remembering,CC,Not in list"
" What is the need of virtualization? Define Server virtualization, Application virtualization, Presentation Virtualization. ,Remembering,CC,Not in list"
" Compare the REST and REST paradigms in the context of programmatic communication between applications deployed on different cloud providers,,Not in list"
" Compare the REST and REST paradigms in the context of programmatic communication between applications deployed on different cloud providers,,Not in list"
"or between cloud applications and those deployed in-house.,Not in list"
" ,analysing,CC,Not in list"
"What do you mean by Parallel and Distributed Programming Paradigms in  detail? Explain about Hadoop Library from apache in detail.,Remembering,CC,Not in list"
"What do you mean by Parallel and Distributed Programming Paradigms in  detail? Explain about Hadoop Library from apache in detail.,Remembering,CC,Not in list"
"What do you mean by Parallel and Distributed Programming Paradigms in  detail? Explain about Hadoop Library from apache in detail.,Remembering,CC,Not in list"
"What do you mean by Parallel and Distributed Programming Paradigms in  detail? Explain about Hadoop Library from apache in detail.,Remembering,CC,Not in list"
"What is Data Migration?,Remembering,CC,Not in list"
"What is Data Migration?,Remembering,CC,Not in list"
"Discuss with examples how to write ANN operation using MapReduce model.,understanding,CC,Not in list"
"Discuss with examples how to write ANN operation using MapReduce model.,understanding,CC,Not in list"
"How is Amazon DynamoDB different from MYSQL database?,remembering,CC,Not in list"
"How is Amazon DynamoDB different from MYSQL database?,remembering,CC,Not in list"
" Compare the following Bare-Metal hypervisor, Hosted hypervisor ,understanding,CC,Not in list"
"What are security groups & key pairs?,Remembering,CC,Not in list"
"What are security groups & key pairs?,Remembering,CC,Not in list"
"What is there significance in Amazon AWS cloud computing environment?,Remembering,CC,Not in list"
"What is there significance in Amazon AWS cloud computing environment?,Remembering,CC,Not in list"
"What is there significance in Amazon AWS cloud computing environment?,Remembering,CC,Not in list"
"What is there significance in Amazon AWS cloud computing environment?,Remembering,CC,Not in list"
"How does cloud architecture overcome the difficulties faced by traditional architecture?,remembering,CC,Not in list"
"How does cloud architecture overcome the difficulties faced by traditional architecture?,remembering,CC,Not in list"
"How does cloud architecture overcome the difficulties faced by traditional architecture?,remembering,CC,Not in list"
"How does cloud architecture overcome the difficulties faced by traditional architecture?,remembering,CC,Not in list"
"What are the three differences that separate out cloud architecture from the traditional one?,Remembering,CC,Not in list"
"What are the three differences that separate out cloud architecture from the traditional one?,Remembering,CC,Not in list"
"What are the three differences that separate out cloud architecture from the traditional one?,Remembering,CC,Not in list"
" Explain the two fundamental functions, identity management and  access control. ,Understanding,CC,Not in list"
"Enlist and explain three service models.,Understanding,CC,Not in list"
"What are the challenges in mobile and cloud shields.,remembering,CC,Not in list"
"What are the challenges in mobile and cloud shields.,remembering,CC,Not in list"
"What are the challenges in mobile and cloud shields.,remembering,CC,Not in list"
"Design Private cloud for the college keeping in mind everything as a services.,creating,CC,Not in list"
"Design Private cloud for the college keeping in mind everything as a services.,creating,CC,Not in list"
" What do you mean by   elastic   behavior of cloud   ? ,Remembering,CC,Not in list"
" What do you mean by   elastic   behavior of cloud   ? ,Remembering,CC,Not in list"
" What do you mean by   elastic   behavior of cloud   ? ,Remembering,CC,Not in list"
"Differentiate Normal Web Hosting versus PaaS based Web Hosting.,analysing,CC,Not in list"
"Differentiate Normal Web Hosting versus PaaS based Web Hosting.,analysing,CC,Not in list"
"Explain Virtualization ? How Virtualization employed in Azure.,Understanding,CC,Not in list"
"Explain Virtualization ? How Virtualization employed in Azure.,Understanding,CC,Not in list"
"Differentiate REST vs SOA based Web services.,Understanding,CC,Not in list"
"What is the role of Fabric Controller in Windows.,Remembering,CC,Not in list"
"What is the role of Fabric Controller in Windows.,Remembering,CC,Not in list"
"Explain the auditing and regulatory standards.,Understanding,CC,Not in list"
"How Azure Maximized data availability minimizes security risks.,Understanding,CC,Not in list"
"What are the types of cloud.,Understanding,CC,Not in list"
"What are the types of cloud.,Understanding,CC,Not in list"
"Write Short Note on Basic SOA Architecture.,remembering,CC,Not in list"
"What is Windows Azure? Also explain developer facilities in Azure?,Remembering,CC,Not in list"
"What is Windows Azure? Also explain developer facilities in Azure?,Remembering,CC,Not in list"
"What is Windows Azure? Also explain developer facilities in Azure?,Remembering,CC,Not in list"
"What is difference between web roles and worker roles.,Remembering,CC,Not in list"
"What is difference between web roles and worker roles.,Remembering,CC,Not in list"
" Describe a workflow that will illustrate the steps required to develop, build and deploy a simple web role cloud service to the cloud using windows azure. ,creating,CC,Not in list"
" Describe a workflow that will illustrate the steps required to develop, build and deploy a simple web role cloud service to the cloud using windows azure. ,creating,CC,Not in list"
" Describe a workflow that will illustrate the steps required to develop, build and deploy a simple web role cloud service to the cloud using windows azure. ,creating,CC,Not in list"
" Describe a workflow that will illustrate the steps required to develop, build and deploy a simple web role cloud service to the cloud using windows azure. ,creating,CC,Not in list"
" Describe a workflow that will illustrate the steps required to develop, build and deploy a simple web role cloud service to the cloud using windows azure. ,creating,CC,Not in list"
" Describe a workflow that will illustrate the steps required to develop, build and deploy a simple web role cloud service to the cloud using windows azure. ,creating,CC,Not in list"
" Describe a workflow that will illustrate the steps required to develop, build and deploy a simple web role cloud service to the cloud using windows azure. ,creating,CC,Not in list"
" Describe a workflow that will illustrate the steps required to develop, build and deploy a simple web role cloud service to the cloud using windows azure. ,creating,CC,Not in list"
"Explain REST. How is it employed in Azure Table?,Understanding,CC,Not in list"
"Explain REST. How is it employed in Azure Table?,Understanding,CC,Not in list"
"Explain Blob services and types of Blobs. What scenarios do the various three types apply to?,Understanding,CC,Not in list"
"Explain Blob services and types of Blobs. What scenarios do the various three types apply to?,Understanding,CC,Not in list"
"Explain Blob services and types of Blobs. What scenarios do the various three types apply to?,Understanding,CC,Not in list"
"Explain how Anna maximized data availability and minimizes security risks.,Understanding,CC,Not in list"
"Explain how Anna maximized data availability and minimizes security risks.,Understanding,CC,Not in list"
"List key features of cloud computing. How cloud space helps a common man?,remembering,CC,Not in list"
"List key features of cloud computing. How cloud space helps a common man?,remembering,CC,Not in list"
"List key features of cloud computing. How cloud space helps a common man?,remembering,CC,Not in list"
"What is SSL? Explain their significance in Windows Azure.,Remembering,CC,Not in list"
"What is SSL? Explain their significance in Windows Azure.,Remembering,CC,Not in list"
"Explain the significance of Partition Keys and Row keys in Azure Tables.,Understanding,CC,Not in list"
"How do Azure tables address scalability?,Understanding,CC,Not in list"
" Write a Short note on  1) PCIDSS 2) XaaS Cloud Services.,Understanding,CC,Not in list"
"What are cloud deployment models?,Remembering,CC,Not in list"
"What are cloud deployment models?,Remembering,CC,Not in list"
"What are the features of Google file system.,remembering,CC,Not in list"
"What are the features of Google file system.,remembering,CC,Not in list"
"What are the features of Google file system.,remembering,CC,Not in list"
"What are techniques for the risk assessment and management.,Remembering,CC,Not in list"
"What are techniques for the risk assessment and management.,Remembering,CC,Not in list"
"What is the impact of shared resources and -Multi-Tenancy on cloud Applications.,Understanding,CC,Not in list"
"What is the impact of shared resources and -Multi-Tenancy on cloud Applications.,Understanding,CC,Not in list"
"What are the fundamental requirements for cloud application.,Remembering,CC,Not in list"
"What are the fundamental requirements for cloud application.,Remembering,CC,Not in list"
"what is Cloud Service Brokerage?,Remembering,CC,Not in list"
"what is Cloud Service Brokerage?,Remembering,CC,Not in list"
"what is Mobile cloud Computing?,Remembering,CC,Not in list"
"what is Mobile cloud Computing?,Remembering,CC,Not in list"
"short note on  Amazon simpleDB.,remembering,CC,Not in list"
"short note on Modes of Eucalyptus.,remembering,CC,Not in list"
"What are advantages and limitations of Cloud Computing.,Remembering,CC,Not in list"
"What are advantages and limitations of Cloud Computing.,Remembering,CC,Not in list"
"What are the levels used for virtualization.,Remembering,CC,Not in list"
"What are the levels used for virtualization.,Remembering,CC,Not in list"
"What are the levels used for virtualization.,Remembering,CC,Not in list"
"What are the factors for successful cloud deployment.,Remembering,CC,Not in list"
"What are the factors for successful cloud deployment.,Remembering,CC,Not in list"
"Explain the architecture and features of EBS.,Understanding,CC,Not in list"
"What is virtualization? Explain any one virtualization architecture?,Remembering,CC,Not in list"
"What is virtualization? Explain any one virtualization architecture?,Remembering,CC,Not in list"
"Explain cloud based service delivery and deployment odds with example.,Understanding,CC,Not in list"
"Define cloud computing? Explain essential characteristics of cloud computing?,remembering,CC,Not in list"
"Define cloud computing? Explain essential characteristics of cloud computing?,remembering,CC,Not in list"
"Explain the cloud deployment model.,Understanding,CC,Not in list"
"Write short note on SaaS.,remembering,CC,Not in list"
"What is virtualization? Explain different types of virtualization.,Remembering,CC,Not in list"
"What is virtualization? Explain different types of virtualization.,Remembering,CC,Not in list"
"State and explain different phases of SLA management of applications hosted on cloud platform.,applying,CC,Not in list"
"State and explain different phases of SLA management of applications hosted on cloud platform.,applying,CC,Not in list"
"State and explain different phases of SLA management of applications hosted on cloud platform.,applying,CC,Not in list"
"Discuss two ways of determining Trust.,creating,CC,Not in list"
"Discuss two ways of determining Trust.,creating,CC,Not in list"
"Describe issues related to the run time interaction between DomO and DomU.,creating,CC,Not in list"
"Describe issues related to the run time interaction between DomO and DomU.,creating,CC,Not in list"
"Discuss the undesirable effects of virtualization.,creating,CC,Not in list"
"Write short note on cloud implementation and application.,remembering,CC,Not in list"
"Explain the services offered by Amazon S3.,Understanding,CC,Not in list"
"Explain the services offered by Amazon S3.,Understanding,CC,Not in list"
"Explain the open source cloud 'open Nebullaa'.,Understanding,CC,Not in list"
"Describe methods to acquire user input related to Human Centred Design.,Understanding,CC,Not in list"
"Describe methods to acquire user input related to Human Centred Design.,Understanding,CC,Not in list"
"Enlist and explain benefits of using wireless networks for UbiCom.,Understanding,CC,Not in list"
"Enlist and explain benefits of using wireless networks for UbiCom.,Understanding,CC,Not in list"
"Describe challenges in modeling context.,Understanding,CC,Not in list"
"Define cloud computing. Discuss different cloud computing service models.,remembering,CC,Not in list"
"Define cloud computing. Discuss different cloud computing service models.,remembering,CC,Not in list"
"Define cloud computing. Discuss different cloud computing service models.,remembering,CC,Not in list"
"Explain the characteristics of cloud.,Understanding,CC,Not in list"
"Define cloud computing. Explain deployment models of CC.,Understanding,CC,Not in list"
"Define cloud computing. Explain deployment models of CC.,Understanding,CC,Not in list"
"Explain the benefits of IaaS.,Understanding,CC,Not in list"
"Explain the need of virtualization.,Understanding,CC,Not in list"
"What is hypervisor. Explain different hypervisors & their features.,Understanding,CC,Not in list"
"What is hypervisor. Explain different hypervisors & their features.,Understanding,CC,Not in list"
"What is hypervisor. Explain different hypervisors & their features.,Understanding,CC,Not in list"
"What is SLA? Explain type of SLA.,Understanding,CC,Not in list"
"What is SLA? Explain type of SLA.,Understanding,CC,Not in list"
"Enlist features of federation types.,remembering,CC,Not in list"
"Explain in brief the services offered by cloud computing.,Understanding,CC,Not in list"
"Enlist the essential characteristics of cloud computing.,Understanding,CC,Not in list"
"Explain the virtualization techniques in cloud computing.,Understanding,CC,Not in list"
"Enlist features of federation types. Explain any one in brief.,understanding,CC,Not in list"
"Discuss in brief following basic principles of cloud computing.,remembering,CC,Not in list"
"Discuss in brief following basic principles of cloud computing.,remembering,CC,Not in list"
"Describe in brief 'Operating System Security'.,understanding,CC,Not in list"
"Enlist and describe security risks posed by shared images.,understanding,CC,Not in list"
"Enlist and describe security risks posed by shared images.,understanding,CC,Not in list"
"Discuss the top security concerns for cloud users.,creating,CC,Not in list"
"Discuss two ways of determining trust.,creating,CC,Not in list"
"Discuss two ways of determining trust.,creating,CC,Not in list"
"Explain the storage services offered by Amazon EC2 cloud.,Understanding,CC,Not in list"
"Explain the storage services offered by Amazon EC2 cloud.,Understanding,CC,Not in list"
"State and explain any two cloud computing applications.,Understanding,CC,Not in list"
"State and explain any two cloud computing applications.,Understanding,CC,Not in list"
"Discuss any four common myths about ubiquitous computing.,remembering,CC,Not in list"
"Describe methods to acquire user Inputs related to human centered.,Understanding,CC,Not in list"
"Describe methods to acquire user Inputs related to human centered.,Understanding,CC,Not in list"
"Explain in brief following terms with reference to cloud computing:  On demand self provisioning and Elasticity.,Understanding,CC,Not in list"
"Explain in brief following terms with reference to cloud computing:  On demand self provisioning and Elasticity.,Understanding,CC,Not in list"
"Which type of Cloud service is provided by gmail ? justify.,evaluating,CC,Not in list"
"Which type of Cloud service is provided by gmail ? justify.,evaluating,CC,Not in list"
"Which type of Cloud service is provided by gmail ? justify.,evaluating,CC,Not in list"
"Explain the virtualization techniques in cloud computing.,Understanding,CC,Not in list"
"Enlist features of federation types. Explain any right in brief.,Understanding,CC,Not in list"
"Enlist and describe security risk posed by shared images.,Understanding,CC,Not in list"
"Enlist and describe security risk posed by shared images.,Understanding,CC,Not in list"
"Enlist and explain different forms of Trust.,Understanding,CC,Not in list"
"Discuss different aspects related to contract between the user and the Cloud Service Provider to minimize security risks.,creating,CC,Not in list"
"Discuss different aspects related to contract between the user and the Cloud Service Provider to minimize security risks.,creating,CC,Not in list"
"Discuss different aspects related to contract between the user and the Cloud Service Provider to minimize security risks.,creating,CC,Not in list"
"State and explain any two cloud computing applications.,Understanding,CC,Not in list"
"State and explain any two cloud computing applications.,Understanding,CC,Not in list"
"Explain the storage services offered by Amazon EC2 cloud.,Understanding,CC,Not in list"
"Explain the storage services offered by Amazon EC2 cloud.,Understanding,CC,Not in list"
"What are the various forms of Message–Oriented Communication ? Give example 10 of each,Remembering,DS,Not in list"
"What are the various forms of Message–Oriented Communication ? Give example 10 of each,Remembering,DS,Not in list"
"Explain the process of Remote Method Invocation using stubs/proxy/skeleton.,Understanding,DS,Not in list"
"Explain the process of Remote Method Invocation using stubs/proxy/skeleton.,Understanding,DS,Not in list"
"What is Totally Ordered Multicasting ? How Lamport Clock is implemented,Remembering,DS,Not in list"
"What is Totally Ordered Multicasting ? How Lamport Clock is implemented,Remembering,DS,Not in list"
"What is Totally Ordered Multicasting ? How Lamport Clock is implemented,Remembering,DS,Not in list"
"What is Totally Ordered Multicasting ? How Lamport Clock is implemented,Remembering,DS,Not in list"
"Explain Distributed algorithm for Mutual Exclusion. What are its advantages/ 10 disadvantages over Centralized algorithms,Understanding,DS,Not in list"
"Explain Distributed algorithm for Mutual Exclusion. What are its advantages/ 10 disadvantages over Centralized algorithms,Understanding,DS,Not in list"
"Explain the difference between Data Centric and Client Centric Consistency Models. 10 Explain one scheme of each,Understanding,DS,Not in list"
"What is failure semantics explain wrt to RMI,Remembering,DS,Not in list"
"What is failure semantics explain wrt to RMI,Remembering,DS,Not in list"
"What is failure semantics explain wrt to RMI,Remembering,DS,Not in list"
"Explain how Distributed Transaction Management is achieved,Understanding,DS,Not in list"
"Explain how Distributed Transaction Management is achieved,Understanding,DS,Not in list"
"Explain how Distributed Transaction Management is achieved,Understanding,DS,Not in list"
"Discuss clock synchronization mechanism in distributed operatingsystem,creating,DS,Not in list"
"Compare and contrast the usefulness of stateless server with a stateless server. Highlight their application areas,evaluate,DS,Not in list"
"Explain any algorithm designed to provide mutual exclusion in a distributed  environment.,Understanding,DS,Not in list"
"Explain any algorithm designed to provide mutual exclusion in a distributed  environment.,Understanding,DS,Not in list"
" Explain clearly, with the help of suitable diagram, how RPC is implemented ,Understanding,DS,Not in list"
" Explain clearly, with the help of suitable diagram, how RPC is implemented ,Understanding,DS,Not in list"
" Explain, what are possible failures that can happen during RPC ,Understanding,DS,Not in list"
" Explain, what are possible failures that can happen during RPC ,Understanding,DS,Not in list"
" Explain, what are possible failures that can happen during RPC ,Understanding,DS,Not in list"
"Explain marshalling / unmarshalling mechanism in RPC/RMI,Understanding,DS,Not in list"
"Explain locating mobile entities in detail,Understanding,DS,Not in list"
"Explain the goals of distributed system,Understanding,DS,Not in list"
"What is CORBA ? Explain its architecture and various services provided by it.,Remembering,DS,Not in list"
"What is CORBA ? Explain its architecture and various services provided by it.,Remembering,DS,Not in list"
"What is CORBA ? Explain its architecture and various services provided by it.,Remembering,DS,Not in list"
"short note on Code Migration,remembering,DS,Not in list"
"short note on Security mechanism in distributed system,remembering,DS,Not in list"
"short note on sun network file systems,remembering,DS,Not in list"
"short note on crash and recovery,remembering,DS,Not in list"
"List the issues to be considered in the design of distributed object systems,analysing,DS,Not in list"
"List the issues to be considered in the design of distributed object systems,analysing,DS,Not in list"
"List the issues to be considered in the design of distributed object systems,analysing,DS,Not in list"
"List the issues to be considered in the design of distributed object systems,analysing,DS,Not in list"
"State the characteristics of RPC middleware. Explain RPC mechanism,remembering,DS,Not in list"
"State the characteristics of RPC middleware. Explain RPC mechanism,remembering,DS,Not in list"
"Explain the process of RMI using stubs/proxy/skeletons,Understanding,DS,Not in list"
"Explain the process of RMI using stubs/proxy/skeletons,Understanding,DS,Not in list"
"What is CORBA ? Explain its architecture and various services provided by it.,Remembering,DS,Not in list"
"What is CORBA ? Explain its architecture and various services provided by it.,Remembering,DS,Not in list"
"What is CORBA ? Explain its architecture and various services provided by it.,Remembering,DS,Not in list"
"Differentiate JavaBean with EJB,analysing,DS,Not in list"
" Compare CORBA, DCOM and RMI ,analysing,DS,Not in list"
"What .are the functions of Enterprise Service Bus. State its advantages and disadvantages,Remembering,DS,Not in list"
"What .are the functions of Enterprise Service Bus. State its advantages and disadvantages,Remembering,DS,Not in list"
"Explain the role of XML in Web Services,Understanding,DS,Not in list"
"Describe the structure of WSDL file. State the importance of UDDI,Understanding,DS,Not in list"
"What are the challanges in SOA,remembering,DS,Not in list"
"What are the challanges in SOA,remembering,DS,Not in list"
"What are the challanges in SOA,remembering,DS,Not in list"
" ,remembering,DS,Not in list"
"What is server ? Explain in detail the classification of servers in client servers model 10 with their characteristics pros and cons,Remembering,DS,Not in list"
"What is server ? Explain in detail the classification of servers in client servers model 10 with their characteristics pros and cons,Remembering,DS,Not in list"
"What is server ? Explain in detail the classification of servers in client servers model 10 with their characteristics pros and cons,Remembering,DS,Not in list"
" Compare and contrast RMI, CORBA and DCOM ,analysing,DS,Not in list"
"Explain the working of the dynamic invocation in CORBA,Understanding,DS,Not in list"
"What are the components of CORBA components model (CCM). List the advantages of CCM,Remembering,DS,Not in list"
"What are the components of CORBA components model (CCM). List the advantages of CCM,Remembering,DS,Not in list"
"What are the components of CORBA components model (CCM). List the advantages of CCM,Remembering,DS,Not in list"
"Why should we use EJB ? ,remembering,DS,Not in list"
"Why should we use EJB ? ,remembering,DS,Not in list"
"What is Marshalling ? Explain Standard Marshalling,Understanding,DS,Not in list"
"What is Marshalling ? Explain Standard Marshalling,Understanding,DS,Not in list"
"What is Marshalling ? Explain Standard Marshalling,Understanding,DS,Not in list"
"List the features and functions of Enterprise Service Bus (ESB,remembering,DS,Not in list"
"List the features and functions of Enterprise Service Bus (ESB,remembering,DS,Not in list"
"What are the three major elements in .the Simple Object Access Protocol (SOAP) 10 How are SOAP messages processed ?,remembering,DS,Not in list"
"What are the three major elements in .the Simple Object Access Protocol (SOAP) 10 How are SOAP messages processed ?,remembering,DS,Not in list"
"What are the three major elements in .the Simple Object Access Protocol (SOAP) 10 How are SOAP messages processed ?,remembering,DS,Not in list"
"What are the three major elements in .the Simple Object Access Protocol (SOAP) 10 How are SOAP messages processed ?,remembering,DS,Not in list"
"What are the three major elements in .the Simple Object Access Protocol (SOAP) 10 How are SOAP messages processed ?,remembering,DS,Not in list"
"Write short notes on WS-Standards,remembering,DS,Not in list"
"Write short notes on COM threading Models,remembering,DS,Not in list"
"Write short notes on COM threading Models,remembering,DS,Not in list"
"Write short notes on RPC Middleware,remembering,DS,Not in list"
"Write short notes on Business Value of SOA,remembering,DS,Not in list"
"Write short notes on CORBA Applications,remembering,DS,Not in list"
"List types of failures in message passing system and bow to giver came them,remembering,DS,Not in list"
"List types of failures in message passing system and bow to giver came them,remembering,DS,Not in list"
"List types of failures in message passing system and bow to giver came them,remembering,DS,Not in list"
"Define Happen.ed-Before relationship.,remembering,DS,Not in list"
"Compare Stateful and Stateless server implementation,analysing,DS,Not in list"
"Explain what is a callback RPC.,understanding,DS,Not in list"
"Explain what is a callback RPC.,understanding,DS,Not in list"
"Explain what is a callback RPC.,understanding,DS,Not in list"
"Compare Bully Election Algorithm with ring based election algorithm,analysing,DS,Not in list"
"Compare Bully Election Algorithm with ring based election algorithm,analysing,DS,Not in list"
"Compare Bully Election Algorithm with ring based election algorithm,analysing,DS,Not in list"
"Explain the need of distibuted deadlock detection algorithrns. Explain probe based distributed system,Understanding,DS,Not in list"
"Explain the need of distibuted deadlock detection algorithrns. Explain probe based distributed system,Understanding,DS,Not in list"
"What are the reasons fog migration of code? Explain the various models  for code migration,evaluating,DS,Not in list"
"What are the reasons fog migration of code? Explain the various models  for code migration,evaluating,DS,Not in list"
"What are the reasons fog migration of code? Explain the various models  for code migration,evaluating,DS,Not in list"
"What are the reasons fog migration of code? Explain the various models  for code migration,evaluating,DS,Not in list"
"What are the reasons fog migration of code? Explain the various models  for code migration,evaluating,DS,Not in list"
"Compare RMI COMM and DCOM,analysing,DS,Not in list"
"Mention and explain the different features or distributed computing environment,understanding,DS,Not in list"
"Mention and explain the different features or distributed computing environment,understanding,DS,Not in list"
"Mention and explain the different features or distributed computing environment,understanding,DS,Not in list"
"What is a Web service? Explain the different types of web services,remembering,DS,Not in list"
"What is a Web service? Explain the different types of web services,remembering,DS,Not in list"
"What is a Web service? Explain the different types of web services,remembering,DS,Not in list"
"What is a Web service? Explain the different types of web services,remembering,DS,Not in list"
"What are the challenges faced by distributed system,remembering,DS,Not in list"
"What are the challenges faced by distributed system,remembering,DS,Not in list"
"What are the challenges faced by distributed system,remembering,DS,Not in list"
"What are the challenges faced by distributed system,remembering,DS,Not in list"
"What do you understand by middleware ? State the advantage of ORB architecture,remembering,DS,Not in list"
"What do you understand by middleware ? State the advantage of ORB architecture,remembering,DS,Not in list"
"What do you understand by middleware ? State the advantage of ORB architecture,remembering,DS,Not in list"
"What do you understand by middleware ? State the advantage of ORB architecture,remembering,DS,Not in list"
"Explain client-server architecture. What are its variations or types of client-server architecture,Understanding,DS,Not in list"
"Explain client-server architecture. What are its variations or types of client-server architecture,Understanding,DS,Not in list"
"Explain client-server architecture. What are its variations or types of client-server architecture,Understanding,DS,Not in list"
"State the disadvantage of standard RPC. List the characteristics of RMI.,remembering,DS,Not in list"
"State the disadvantage of standard RPC. List the characteristics of RMI.,remembering,DS,Not in list"
"State the disadvantage of standard RPC. List the characteristics of RMI.,remembering,DS,Not in list"
"How is remote CORBA object invocated ? Explain RMI in CORBA.,evaluate,DS,Not in list"
"How is remote CORBA object invocated ? Explain RMI in CORBA.,evaluate,DS,Not in list"
"List the components of EJB framework. What is the purpose of EJB container,remembering,DS,Not in list"
"List the components of EJB framework. What is the purpose of EJB container,remembering,DS,Not in list"
"List the components of EJB framework. What is the purpose of EJB container,remembering,DS,Not in list"
"List the components of EJB framework. What is the purpose of EJB container,remembering,DS,Not in list"
"Define service. How is a business servive implemented,remembering,DS,Not in list"
"Define service. How is a business servive implemented,remembering,DS,Not in list"
"Define service. How is a business servive implemented,remembering,DS,Not in list"
"Discuss SOA and Web Service,remembering,DS,Not in list"
"How would you align business and IT using SOA ? How will you implement a WS using an agent ?,applying,DS,Not in list"
"How would you align business and IT using SOA ? How will you implement a WS using an agent ?,applying,DS,Not in list"
"How would you align business and IT using SOA ? How will you implement a WS using an agent ?,applying,DS,Not in list"
"How would you align business and IT using SOA ? How will you implement a WS using an agent ?,applying,DS,Not in list"
"How would you align business and IT using SOA ? How will you implement a WS using an agent ?,applying,DS,Not in list"
"What are WS-standards ? Explain WS-Security Framework.,remembering,DS,Not in list"
"What are WS-standards ? Explain WS-Security Framework.,remembering,DS,Not in list"
"What are WS-standards ? Explain WS-Security Framework.,remembering,DS,Not in list"
"What are WS-standards ? Explain WS-Security Framework.,remembering,DS,Not in list"
"explain WS-transactions,remembering,DS,Not in list"
"explain WS-transactions,remembering,DS,Not in list"
"explain COM-IDL.,remembering,DS,Not in list"
"Explain the term nmitie• architecture with an example,Understanding,DS,Not in list"
"Describe in brief what you understand by SOA,Understanding,DS,Not in list"
"Describe in brief what you understand by SOA,Understanding,DS,Not in list"
"Give an overview of different types of middleware models,remembering,DS,Not in list"
"Give an overview of different types of middleware models,remembering,DS,Not in list"
"Give a brief overview of .net architecture,remembering,DS,Not in list"
"Give a brief overview of .net architecture,remembering,DS,Not in list"
"Describe the steps involved in deploying an EJB application,Understanding,DS,Not in list"
"Describe the steps involved in deploying an EJB application,Understanding,DS,Not in list"
" What are the different types of   beans   one can define in an EJB application ,remembering,DS,Not in list"
" What are the different types of   beans   one can define in an EJB application ,remembering,DS,Not in list"
" What are the different types of   beans   one can define in an EJB application ,remembering,DS,Not in list"
" What are the different types of   beans   one can define in an EJB application ,remembering,DS,Not in list"
"Give the DTD for the XML schema for the described system,applying,DS,Not in list"
"Give the DTD for the XML schema for the described system,applying,DS,Not in list"
"What do you mean by a web service? Describe the different Web Services standards,understanding,DS,Not in list"
"What do you mean by a web service? Describe the different Web Services standards,understanding,DS,Not in list"
"What do you mean by a web service? Describe the different Web Services standards,understanding,DS,Not in list"
"What is the role of IDL? Using CORBA IDL define interfaces to objects in an online,remembering,DS,Not in list"
"What is the role of IDL? Using CORBA IDL define interfaces to objects in an online,remembering,DS,Not in list"
"What is the role of IDL? Using CORBA IDL define interfaces to objects in an online,remembering,DS,Not in list"
"What is the role of IDL? Using CORBA IDL define interfaces to objects in an online,remembering,DS,Not in list"
"explain library management system,evauating,DS,Not in list"
"explain library management system,evauating,DS,Not in list"
"Explain the concept of IP Address and Subnet Mask,Understanding,CN,Not in list"
"Compare the Circuit switched and the Packet switched networks.,Understanding,CN,Not in list"
"Compare the Circuit switched and the Packet switched networks.,Understanding,CN,Not in list"
"Compare the Circuit switched and the Packet switched networks.,Understanding,CN,Not in list"
"Explain the Selective Repeat Protocol.,Understanding,CN,Not in list"
"Explain the concept of Piggybacking,Understanding,CN,Not in list"
"What is OSI model? Give the function and services of each layer. ,Remembering,CN,Not in list"
"What is OSI model? Give the function and services of each layer. ,Remembering,CN,Not in list"
"What is OSI model? Give the function and services of each layer. ,Remembering,CN,Not in list"
"What is OSI model? Give the function and services of each layer. ,Remembering,CN,Not in list"
"What are three main function of Network layer? What is Routing? Explain shortest path Routing.,Remembering,CN,Not in list"
"What are three main function of Network layer? What is Routing? Explain shortest path Routing.,Remembering,CN,Not in list"
"What are three main function of Network layer? What is Routing? Explain shortest path Routing.,Remembering,CN,Not in list"
"What are three main function of Network layer? What is Routing? Explain shortest path Routing.,Remembering,CN,Not in list"
"What are three main function of Network layer? What is Routing? Explain shortest path Routing.,Remembering,CN,Not in list"
"Draw and explain the TCP segment header.,Understanding,CN,Not in list"
"Explain the CSMA/CD protocol.,Understanding,CN,Not in list"
" Compare the 802.3, 802.4 and 802.5 IEEE standards. ,Understanding,CN,Not in list"
"What is congestion control and what are the causes of congestion? Explain Token Bucket algorithm ,Understanding,CN,Not in list"
"What is congestion control and what are the causes of congestion? Explain Token Bucket algorithm ,Understanding,CN,Not in list"
"What is congestion control and what are the causes of congestion? Explain Token Bucket algorithm ,Understanding,CN,Not in list"
"What are the elements of Transport Layer?,Remembering,CN,Not in list"
"What are the elements of Transport Layer?,Remembering,CN,Not in list"
"Write a short note on  Network Topologies.,Remembering,CN,Not in list"
"Write a short note on Traditional Ethernet.,Remembering,CN,Not in list"
"Write a short note on Mobile Telephone System,Remembering,CN,Not in list"
"Write a short note on Routing Information Protocol (RIP).,Remembering,CN,Not in list"
"Write a short note on Routing Information Protocol (RIP).,Remembering,CN,Not in list"
"Write a short note on Routing Information Protocol (RIP).,Remembering,CN,Not in list"
"Write a short note on Berkely Socket.,Remembering,CN,Not in list"
" What is a network ? What are its goals and applications?,Remembering,CN,Not in list"
" What is a network ? What are its goals and applications?,Remembering,CN,Not in list"
" What is a network ? What are its goals and applications?,Remembering,CN,Not in list"
" What is a network ? What are its goals and applications?,Remembering,CN,Not in list"
"Explain the concept of framing in Data Link Layer.,Remembering,CN,Not in list"
"Explain the concept of framing in Data Link Layer.,Remembering,CN,Not in list"
"What is OSI modes? Give the function and services of each layer.,Remembering,CN,Not in list"
"What is OSI modes? Give the function and services of each layer.,Remembering,CN,Not in list"
"What is OSI modes? Give the function and services of each layer.,Remembering,CN,Not in list"
"Explain the HDLC protocol along with its different frame structures.,Understanding,CN,Not in list"
"Explain the concept of Repeaters with an example. ,Understanding,CN,Not in list"
"Explain the concept of Routers with an example. ,Understanding,CN,Not in list"
"Explain the concept of Hubs with an example. ,Understanding,CN,Not in list"
"Explain the concept of Switches with an example. ,Understanding,CN,Not in list"
"Explain the concept of Bridges with an example. ,Understanding,CN,Not in list"
"What is IP Address? Explain the IPV4 datagram format.,Understanding,CN,Not in list"
"What is IP Address? Explain the IPV4 datagram format.,Understanding,CN,Not in list"
"What is IP Address? Explain the IPV4 datagram format.,Understanding,CN,Not in list"
"Explain the TCP Segment Header format.,Understanding, CN,Not in list"
" Compare the LAN, WAN and MAN. ,Understanding,CN,Not in list"
"Explain the various network topologies,Understanding,CN,Not in list"
"Explain the concept of Public Switched Telephone Network (PSTN).,Understanding,CN,Not in list"
"Explain the concept of Berkely Sockets.,Understanding,CN,Not in list"
"Explain the concept of Sliding Window protocol.,Understanding,CN,Not in list"
"Explain the concept of Sliding Window protocol.,Understanding,CN,Not in list"
"Write a short note on GSM Operation Subsystem.,Remembering,CN,Not in list"
"Write a short note on Networking using Windows and Linux Operating Systems.,Remembering, CN,Not in list"
"Write a short note on Networking using Windows and Linux Operating Systems.,Remembering, CN,Not in list"
"Write a short note on  Internet Control Protocol.,Remembering,CN,Not in list"
"Write a short note on Mobile Telephone System.,Remembering,CN,Not in list"
"Write a short note on BGP.,Remembering,CN,Not in list"
"Explain the following terms - (i) Repeaters (ii) Switches (iii) Hubs (iv) Routers (v) Bridges.,Understanding,CN,Not in list"
"What are the elements of Transport Layer.,Understanding,CN,Not in list"
"What are the elements of Transport Layer.,Understanding,CN,Not in list"
"Explain the TCP Sliding Window protocol with neat diagram,Understanding,CN,Not in list"
"Explain the HDLC protocol with suitable diagram.,Understanding, CN,Not in list"
"Explain the Connection Establishment and Ty ruination in TCP with neat diagram.,Understanding,CN,Not in list"
"Explain the functions of data link layer.,Understanding,CN,Not in list"
"What are three main function of Network layer? What is Routing? Explain Distance vector Routing. ,Remembering,CN,Not in list"
"What are three main function of Network layer? What is Routing? Explain Distance vector Routing. ,Remembering,CN,Not in list"
"What are three main function of Network layer? What is Routing? Explain Distance vector Routing. ,Remembering,CN,Not in list"
"What are three main function of Network layer? What is Routing? Explain Distance vector Routing. ,Remembering,CN,Not in list"
"What are three main function of Network layer? What is Routing? Explain Distance vector Routing. ,Remembering,CN,Not in list"
"What are three main function of Network layer? What is Routing? Explain Distance vector Routing. ,Remembering,CN,Not in list"
"Discuss and compare various types of networks.,analysing,CN,Not in list"
"Discuss and compare various types of networks.,analysing,CN,Not in list"
"Explain the concept of Framing in Data link layer.,Understanding,CN,Not in list"
"Explain the concept of Framing in Data link layer.,Understanding,CN,Not in list"
"Compare the slotted ALOHA and the Pure ALOHA.,Understanding,CN,Not in list"
"Explain the selective repeat protocol.,Understanding, CN,Not in list"
"Explain the concept of TCP Timer.,Understanding,CN,Not in list"
"What are the different types of routing algorithms? Explain the shortest path routing algorithm.,Remembering,CN,Not in list"
"What are the different types of routing algorithms? Explain the shortest path routing algorithm.,Remembering,CN,Not in list"
"What are the different types of routing algorithms? Explain the shortest path routing algorithm.,Remembering,CN,Not in list"
"What are the different types of routing algorithms? Explain the shortest path routing algorithm.,Remembering,CN,Not in list"
"What are the different types of routing algorithms? Explain the shortest path routing algorithm.,Remembering,CN,Not in list"
"Compare the Linux and Windows operating systems.,Understanding,CN,Not in list"
"Compare the Linux and Windows operating systems.,Understanding,CN,Not in list"
"What is OSI model? Give the functions and services of each layer.,Remembering,CN,Not in list"
"What is OSI model? Give the functions and services of each layer.,Remembering,CN,Not in list"
"What is OSI model? Give the functions and services of each layer.,Remembering,CN,Not in list"
"Explain the Guided Transmission media in detail.,Understanding,CN,Not in list"
"Explain the TCP Congestion Control.,Understanding,CN,Not in list"
"Explain the concept of IP Address.,Understanding, CN,Not in list"
"Expain the concept of Subnet Mask.,Understanding,CN,Not in list"
"An IPV4 packet has arrived with the first 8 bits 0100 0010.The receiver discards the packet? Why? ,analysing,CN,Not in list"
"An IPV4 packet has arrived with the first 8 bits 0100 0010.The receiver discards the packet? Why? ,analysing,CN,Not in list"
"An IPV4 packet has arrived with the first 8 bits 0100 0010.The receiver discards the packet? Why? ,analysing,CN,Not in list"
"Explain the concept of TCP Congestion Control.,Understanding,CN,Not in list"
" What is HDLC? Explain the frame formats of I-frame, U-frame and S-frame. ,Remembering,CN,Not in list"
" What is HDLC? Explain the frame formats of I-frame, U-frame and S-frame. ,Remembering,CN,Not in list"
" What is HDLC? Explain the frame formats of I-frame, U-frame and S-frame. ,Remembering,CN,Not in list"
" What is HDLC? Explain the frame formats of I-frame, U-frame and S-frame. ,Remembering,CN,Not in list"
"Compare the Connectionless and Connection-Oriented services.,Understanding,CN,Not in list"
"Explain the working of Traditional Ethernet.,Understanding,CN,Not in list"
"Write a short note on BGP.,Remembering, CN,Not in list"
"Write a short note on CDMA/CA,remembering,CN,Not in list"
"Write a short note on CDMA/CA,remembering,CN,Not in list"
" Write short notes on bridges, sCNiches and routers. ,remembering,CN,Not in list"
"Explain the concept of CRC with example.,Understanding,CN,Not in list"
"Explain the collision detection procedure in CSMA/CD.,Understanding,CN,Not in list"
"Compute n-bit binary CRC if the message is 11010011101100 and divisor is 1011.,evaluating,CN,Not in list"
"Compute n-bit binary CRC if the message is 11010011101100 and divisor is 1011.,evaluating,CN,Not in list"
"Compute n-bit binary CRC if the message is 11010011101100 and divisor is 1011.,evaluating,CN,Not in list"
" What are the three main functions performed by network layer?,Remembering,CN,Not in list"
" What are the three main functions performed by network layer?,Remembering,CN,Not in list"
" What are the three main functions performed by network layer?,Remembering,CN,Not in list"
"Explain the distance vector routing protocol.,Understanding, CN,Not in list"
"Explain the distance vector routing protocol.,Understanding, CN,Not in list"
"Waht is a network? What are its goals and applications?,Remembering,CN,Not in list"
"Waht is a network? What are its goals and applications?,Remembering,CN,Not in list"
"Waht is a network? What are its goals and applications?,Remembering,CN,Not in list"
"Write a short note on Data Link Layer,Remembering,CN,Not in list"
"What is the OSI model? Give the function and services of each of its layers.,Remembering,CN,Not in list"
"What is the OSI model? Give the function and services of each of its layers.,Remembering,CN,Not in list"
"What is the OSI model? Give the function and services of each of its layers.,Remembering,CN,Not in list"
"Explain the CSMA/CD protocol.,Understanding,CN,Not in list"
"What is an IP Address?,Remembering, CN,Not in list"
"What is an IP Address?,Remembering, CN,Not in list"
"What is OSI model ? Give the function of its layers.,Remembering,CN,Not in list"
"What is OSI model ? Give the function of its layers.,Remembering,CN,Not in list"
"What is OSI model ? Give the function of its layers.,Remembering,CN,Not in list"
"How congestion is controlled in TCP?,Remembering,CN,Not in list"
"How congestion is controlled in TCP?,Remembering,CN,Not in list"
"What is routing in network? Explain the shortest path routing protocol.,Remembering,CN,Not in list"
"What is routing in network? Explain the shortest path routing protocol.,Remembering,CN,Not in list"
"What is routing in network? Explain the shortest path routing protocol.,Remembering,CN,Not in list"
"What is routing in network? Explain the shortest path routing protocol.,Remembering,CN,Not in list"
"What is routing in network? Explain the shortest path routing protocol.,Remembering,CN,Not in list"
"Explain the different classes of IP addresses and need of subnetting with the help of example.,Understanding,CN,Not in list"
"Explain the different classes of IP addresses and need of subnetting with the help of example.,Understanding,CN,Not in list"
"Write a short note on HDLC.,Remembering, CN,Not in list"
" Write a short note on TCP Timers., ,Remembering,CN,Not in list"
"Compare the Slotted ALOHA and the Pure ALOHA.,Understanding,CN,Not in list"
"Explain the concepts of IP Address and Sublet Mask.,Understanding,CN,Not in list"
"Compare the Circuit Switched and Packet Switched networks.,understanding,CN,Not in list"
"Explain the Selective Repeat Protocol.,Understanding,CN,Not in list"
"What is piggybacking?,Remembering,CN,Not in list"
"What is piggybacking?,Remembering,CN,Not in list"
"What is piggybacking?,Remembering,CN,Not in list"
"Explain the HLAC protocol along with its different frame structure.,understanding, CN,Not in list"
"What are the elements of Transport Layer?,Remembering,CN,Not in list"
"What are the elements of Transport Layer?,Remembering,CN,Not in list"
"Discuss the Fast Ethernet technology in brief. State its specification.,understanding,CN,Not in list"
"Explain the CSMA and CSMA/CD. Also comment on the efficiency of each.,Understanding,CN,Not in list"
" Explain the FDMA, TDMA and CDMA in detail. ,Understanding,CN,Not in list"
" Discuss CSMA/CA random access technique. How is collision,Not in list"
"avoidance achieved in this technique ?,Not in list"
"Explain the concepts of Error Detection and Correction in Block coding.,Understanding,CN,Not in list"
"What is the purpose of Domain Naming System (DNS)?,Remembering, CN,Not in list"
"What is the purpose of Domain Naming System (DNS)?,Remembering, CN,Not in list"
"What is topology? Explain the star topology in brief.,Remembering,CN,Not in list"
"What is topology? Explain the star topology in brief.,Remembering,CN,Not in list"
"What is topology? Explain the star topology in brief.,Remembering,CN,Not in list"
" A network with bandwidth of 10 Mbps can pass only an average of 12,000 frames per minute with each frame carrying an average of 10,000 bits. What is the throughput of this network? ,applying,CN,Not in list"
" A network with bandwidth of 10 Mbps can pass only an average of 12,000 frames per minute with each frame carrying an average of 10,000 bits. What is the throughput of this network? ,applying,CN,Not in list"
" A network with bandwidth of 10 Mbps can pass only an average of 12,000 frames per minute with each frame carrying an average of 10,000 bits. What is the throughput of this network? ,applying,CN,Not in list"
" A network with bandwidth of 10 Mbps can pass only an average of 12,000 frames per minute with each frame carrying an average of 10,000 bits. What is the throughput of this network? ,applying,CN,Not in list"
" A network with bandwidth of 10 Mbps can pass only an average of 12,000 frames per minute with each frame carrying an average of 10,000 bits. What is the throughput of this network? ,applying,CN,Not in list"
"Explain the distance vector routing protocol.,Understanding,CN,Not in list"
"Explain the distance vector routing protocol.,Understanding,CN,Not in list"
"What is network? Explain in brief about LAN and MAN.,Remembering,CN,Not in list"
"What is network? Explain in brief about LAN and MAN.,Remembering,CN,Not in list"
"Explain the terms Processing Delay and Transmission Delay.,understanding,CN,Not in list"
"What is routing loop? Discuss routing loop avoidance techniques.,Remembering,CN,Not in list"
"What is routing loop? Discuss routing loop avoidance techniques.,Remembering,CN,Not in list"
"What is routing loop? Discuss routing loop avoidance techniques.,Remembering,CN,Not in list"
"What is routing loop? Discuss routing loop avoidance techniques.,Remembering,CN,Not in list"
"Explain the HTTP GET and HTTP POST methods in detail.,Understanding, CN,Not in list"
"Draw the layered architecture of TCP/IP model and write at least two services provided by each layer of the model.,Remembering,CN,Not in list"
"Draw the layered architecture of TCP/IP model and write at least two services provided by each layer of the model.,Remembering,CN,Not in list"
"Draw the layered architecture of TCP/IP model and write at least two services provided by each layer of the model.,Remembering,CN,Not in list"
"What are the issues of stop and wail protocol at transport layer? How selective repeat protocol resolves issues of stop and wait protocol?,Remembering,CN,Not in list"
"What are the issues of stop and wail protocol at transport layer? How selective repeat protocol resolves issues of stop and wait protocol?,Remembering,CN,Not in list"
"What are the issues of stop and wail protocol at transport layer? How selective repeat protocol resolves issues of stop and wait protocol?,Remembering,CN,Not in list"
"How is UDP checksum value calculated? Explain with a suitable example.,applying,CN,Not in list"
"How is UDP checksum value calculated? Explain with a suitable example.,applying,CN,Not in list"
"How is UDP checksum value calculated? Explain with a suitable example.,applying,CN,Not in list"
"Draw the structure of TCP Segment and justify the importance of its field values.,Understanding,CN,Not in list"
"Draw the structure of TCP Segment and justify the importance of its field values.,Understanding,CN,Not in list"
"Explain the connection less service of network layer.,Understanding,CN,Not in list"
"What is proxy server? What are the benefits of caching proxy server?,Remembering,CN,Not in list"
"What is proxy server? What are the benefits of caching proxy server?,Remembering,CN,Not in list"
"What is proxy server? What are the benefits of caching proxy server?,Remembering,CN,Not in list"
"What is proxy server? What are the benefits of caching proxy server?,Remembering,CN,Not in list"
"What is proxy server? What are the benefits of caching proxy server?,Remembering,CN,Not in list"
"Write a short note on Dynamic Host Configuration Protocol (DHCP).,Understanding,CN,Not in list"
"Explain the working of DHCP with transition diagram.,Understanding,CN,Not in list"
"Write the characteristics of radio propagation and propagation impairments.,remembering,CN,Not in list"
"Explain the Bluetooth architecture and its protocol stack.,Understanding,CN,Not in list"
"How to overcome the problems in RIP?,remembering,CN,Not in list"
"How to overcome the problems in RIP?,remembering,CN,Not in list"
"Explain the basic architecture of WLAN and discuss various components in it.,Understanding, CN,Not in list"
"Explain the basic architecture of WLAN and discuss various components in it.,Understanding, CN,Understanding"
"Discuss the naming and addressing in wireless sensor network.,creating,CN,Not in list"
"Discuss the naming and addressing in wireless sensor network.,creating,CN,Not in list"
"State the different MAC protocols in sensor network? Explain the S-MAC in detail.,Understanding,CN,Not in list"
"State the different MAC protocols in sensor network? Explain the S-MAC in detail.,Understanding,CN,Not in list"
"What are the different design issues and challenges of wireless sensor network?,Remembering,CN,Not in list"
"What are the different design issues and challenges of wireless sensor network?,Remembering,CN,Not in list"
"Differentiate between the content based and the geographic routing,Understanding,CN,Not in list"
"Explain SPIN routing protocol for WSN.,Understanding,CN,Not in list"
"What are the advantages and disadvantages of BYOD,Remembering, CN,Not in list"
"What are the advantages and disadvantages of BYOD,Remembering, CN,Not in list"
"Explain the working principle of bridges,Understanding,CN,Not in list"
"Explain the working principle of bridges,Understanding,CN,Not in list"
"Explain the working principle of stop and wait protocol,Understanding,CN,Not in list"
"Explain the working principle of stop and wait protocol,Understanding,CN,Not in list"
"Explain the working principle of CSMA,Understanding,CN,Not in list"
"Explain the working principle of CSMA,Understanding,CN,Not in list"
"Explain working principle of wireless IAN protocols,Understanding,CN,Not in list"
"Discuss the working principle of UDP,applying,CN,Not in list"
"Discuss the working principle of UDP,applying,CN,Not in list"
"Explain working principle of limited contention protocols,Understanding, CN,Not in list"
"Discuss the working principle of TCP,Remembering,CN,Not in list"
"Draw the layered architecture of OSI reference model and write the at least two 06 services provided by each layer of the model,Remembering, CN,Not in list"
"Draw the layered architecture of OSI reference model and write the at least two 06 services provided by each layer of the model,Remembering, CN,Not in list"
"Draw the layered architecture of OSI reference model and write the at least two 06 services provided by each layer of the model,Remembering, CN,Not in list"
"Why distributed database design is more preferred over centralized design to 08 implement DNS in the Internet? Justify. Also explain the way of DNS servers to handle the recursive DNS query using suitable diagram.,Evaluating,CN,Not in list"
"Why distributed database design is more preferred over centralized design to 08 implement DNS in the Internet? Justify. Also explain the way of DNS servers to handle the recursive DNS query using suitable diagram.,Evaluating,CN,Not in list"
"Why distributed database design is more preferred over centralized design to 08 implement DNS in the Internet? Justify. Also explain the way of DNS servers to handle the recursive DNS query using suitable diagram.,Evaluating,CN,Not in list"
"Why distributed database design is more preferred over centralized design to 08 implement DNS in the Internet? Justify. Also explain the way of DNS servers to handle the recursive DNS query using suitable diagram.,Evaluating,CN,Not in list"
" Explain the working of electronic mail protocols SMTP, IMAP and POP3 in brief 08 with suitable diagram ,Understanding,CN,Not in list"
"What do you mean by congestion and overflow? Explain the slow-start 07 component of the TCP congestion-control algorithm,Understanding,CN,Not in list"
"What do you mean by congestion and overflow? Explain the slow-start 07 component of the TCP congestion-control algorithm,Understanding,CN,Not in list"
"What do you mean by congestion and overflow? Explain the slow-start 07 component of the TCP congestion-control algorithm,Understanding,CN,Not in list"
"What do you mean by congestion and overflow? Explain the slow-start 07 component of the TCP congestion-control algorithm,Understanding,CN,Not in list"
"What do you mean by congestion and overflow? Explain the slow-start 07 component of the TCP congestion-control algorithm,Understanding,CN,Not in list"
"Explain the TCP Segment structure and justify the importance of its field values,Understanding,CN,Not in list"
"Explain the TCP Segment structure and justify the importance of its field values,Understanding,CN,Not in list"
"Explain IPv4 datagram format and importance of each filed,Understanding,CN,Not in list"
"How pipeline approach improves the overall sender utilization time? Explain Go-Back-N pipeline approach in transport layer.,understanding,CN,Not in list"
"How pipeline approach improves the overall sender utilization time? Explain Go-Back-N pipeline approach in transport layer.,understanding,CN,Not in list"
"How many packets overhead while doing the data communication using TCP,Applying, CN,Not in list"
"How many packets overhead while doing the data communication using TCP,Applying, CN,Not in list"
"How many packets overhead while doing the data communication using TCP,Applying, CN,Not in list"
"Explain the Link-State (LS) routing algorithm,Understanding,CN,Not in list"
"Explain the Link-State (LS) routing algorithm,Understanding,CN,Not in list"
"Explain slotted ALOHA channel access technique,Understanding,CN,Not in list"
"Explain Distance-Vector (DV) routing algorithm,Understanding,CN,Not in list"
"Explain Distance-Vector (DV) routing algorithm,Understanding,CN,Not in list"
"Explain ARP and justify why ARP query sent within a broadcast frame and ARP 07 response sent within a frame with specific destination MAC address?,evaluating,CN,Not in list"
"Explain ARP and justify why ARP query sent within a broadcast frame and ARP 07 response sent within a frame with specific destination MAC address?,evaluating,CN,Not in list"
"Explain ARP and justify why ARP query sent within a broadcast frame and ARP 07 response sent within a frame with specific destination MAC address?,evaluating,CN,Not in list"
"Explain ARP and justify why ARP query sent within a broadcast frame and ARP 07 response sent within a frame with specific destination MAC address?,evaluating,CN,Not in list"
"Explain the various transmission impairments in data communication.,Understanding,CN,Not in list"
"List the Line Coding schemes in digital transmission,Remembering,CN,Not in list"
"State and explain the Nyquist theorem and Shannon capacity and solve the following example,understanding,CN,Not in list"
"State and explain the Nyquist theorem and Shannon capacity and solve the following example,understanding,CN,Not in list"
"What is circuit switching ? Explain circuit switching in detail with its advantages and disadvantages,Remembering,CN,Not in list"
"What is circuit switching ? Explain circuit switching in detail with its advantages and disadvantages,Remembering,CN,Not in list"
"What is circuit switching ? Explain circuit switching in detail with its advantages and disadvantages,Remembering,CN,Not in list"
"What is circuit switching ? Explain circuit switching in detail with its advantages and disadvantages,Remembering,CN,Not in list"
"Write a short note on Fiber optic cable,remembering,CN,Not in list"
"Write a short note on Fiber optic cable,remembering,CN,Not in list"
"What is Hamming distance ? Explain it with an example. Explain simple parity check code.,Remembering,CN,Not in list"
"What is Hamming distance ? Explain it with an example. Explain simple parity check code.,Remembering,CN,Not in list"
"What is Hamming distance ? Explain it with an example. Explain simple parity check code.,Remembering,CN,Not in list"
"What is Hamming distance ? Explain it with an example. Explain simple parity check code.,Remembering,CN,Not in list"
"What is CRC ? Explain CRC generator and CRC checker with suitable example.,Remembering, CN,Not in list"
"What is CRC ? Explain CRC generator and CRC checker with suitable example.,Remembering, CN,Not in list"
"What is Checksum ? Describe in detail internet Checksum method with suitable example,Remembering,CN,Not in list"
"What is Checksum ? Describe in detail internet Checksum method with suitable example,Remembering,CN,Not in list"
"What is HDLC ? Explain with the help of its frame format. Describe all fields in detail.,Remembering,CN,Not in list"
"What is HDLC ? Explain with the help of its frame format. Describe all fields in detail.,Remembering,CN,Not in list"
"Write a short note on Spread Spectrum,Remembering,CN,Not in list"
"Write a short note on transmission modes in detail,Remembering,CN,Not in list"
"Explain guided media with suitable diagrams,understanding,CN,Not in list"
"Write a short note on internet checksum,understanding, CN,Not in list"
" Compare and contrast circuit switched network with packet,analysing,CN,Not in list"
" Compare and contrast circuit switched network with packet,analysing,CN,Not in list"
"Explain different addressing schemes in TCP/IP model.,Understanding,CN,Not in list"
"What is CRC ? Generate the CRC code for message 1101010101.,Remembering,CN,Not in list"
"What is CRC ? Generate the CRC code for message 1101010101.,Remembering,CN,Not in list"
"Discuss Fast Ethernet technology in brief. State its specification,creating,CN,Not in list"
"Discuss Fast Ethernet technology in brief. State its specification,creating,CN,Not in list"
"Explain ISO-OSI model in detail,understanding,CN,Not in list"
"Explain  the Go-back-N automatic repeat request protocol,understanding,CN,Not in list"
"Write a short note on TCP/IP protocol stack,remembering,CN,Not in list"
"Write a short note on TCP/IP protocol stack,remembering,CN,Not in list"
